key,key:task,key:maintenance-record
1,task-01,maintenanceRecord-00
2,task-02,maintenanceRecord-01
3,task-03,maintenanceRecord-02
4,task-04,maintenanceRecord-03
5,task-05,maintenanceRecord-04
6,task-06,maintenanceRecord-05
7,task-07,maintenanceRecord-06
8,task-08,maintenanceRecord-07
9,task-09,maintenanceRecord-08
10,task-10,maintenanceRecord-09
11,task-11,maintenanceRecord-10
12,task-12,maintenanceRecord-11
13,task-13,maintenanceRecord-12
14,task-14,maintenanceRecord-13
15,task-15,maintenanceRecord-14
16,task-16,maintenanceRecord-15
17,task-17,maintenanceRecord-16
18,task-18,maintenanceRecord-17
19,task-19,maintenanceRecord-18
20,task-20,maintenanceRecord-19
21,task-21,maintenanceRecord-20
22,task-22,maintenanceRecord-21
23,task-23,maintenanceRecord-22
24,task-24,maintenanceRecord-23
25,task-00,maintenanceRecord-24
26,task-01,maintenanceRecord-25
27,task-02,maintenanceRecord-26
28,task-03,maintenanceRecord-27
29,task-04,maintenanceRecord-03
30,task-05,maintenanceRecord-06
31,task-06,maintenanceRecord-09
32,task-07,maintenanceRecord-12
33,task-08,maintenanceRecord-15
34,task-09,maintenanceRecord-18
35,task-10,maintenanceRecord-21
36,task-11,maintenanceRecord-24
37,task-12,maintenanceRecord-27
38,task-13,maintenanceRecord-02
39,task-14,maintenanceRecord-05
40,task-15,maintenanceRecord-08
41,task-16,maintenanceRecord-11
42,task-17,maintenanceRecord-14
43,task-18,maintenanceRecord-17
44,task-19,maintenanceRecord-20
45,task-20,maintenanceRecord-23
46,task-21,maintenanceRecord-26
47,task-22,maintenanceRecord-01
48,task-23,maintenanceRecord-04
49,task-24,maintenanceRecord-07
50,task-00,maintenanceRecord-10